,Due Days,Test Code,Work Order,Sample,Client Code,Received,Log Date,Due Date,Priority,Container Type,Cylinder #,Matrix,Test Notes,Work Order Comment,Sample 2,Column 1
,-3,AS-BFV_DENSITY,26022702,005A,EOG22,2/26/26,2/27/26,3/5/26,3,Cylinder piston 400cc,1111-009334,Oil,,Reports sent 3.6.2026 RJ,,FALSE
,-3,AS-BFV_MW,26022702,005A,EOG22,2/26/26,2/27/26,3/5/26,3,Cylinder piston 400cc,1111-009334,Oil,,Reports sent 3.6.2026 RJ,,FALSE
,-97,GC-C10LIQ,25111201,002A,Client,11/17/25,11/17/25,12/1/25,3,Cylinder piston 1000cc,113588,Liquid,,,,TRUE
,-97,GC-C10LIQ,25111201,002B,Client,11/17/25,11/17/25,12/1/25,3,Cylinder piston 1000cc,113588,Liquid,,,,TRUE
,-97,GC-C10LIQ,25111201,002C,Client,11/17/25,11/17/25,12/1/25,3,Cylinder piston 1000cc,113588,Liquid,,,,FALSE
,-97,GC-C10LIQ,25111234,001A,Client,11/17/25,11/17/25,12/1/25,3,Cylinder piston 1000cc,,Liquid,,,,TRUE
,4,GC-C10LIQ,26030749,001A,TRANSCANADA3,2/28/26,3/9/26,3/13/26,3,Cylinder piston 500cc,2500-01805,Oil,,,,TRUE
,6,GC-C6GAS,26030587,001A,EOG22,3/5/26,3/5/26,3/15/26,3,Cylinder 300cc,1111-010679,Gas,,,,FALSE
,6,GC-C6GAS,26030587,002A,EOG22,3/5/26,3/5/26,3/15/26,3,Cylinder 300cc,1111-012566,Gas,,,,FALSE
,6,GC-C6GAS,26030587,003A,EOG22,3/5/26,3/5/26,3/15/26,3,Cylinder 300cc,1030-09201,Gas,,,,FALSE
,6,GC-C6GAS,26030587,004A,EOG22,3/5/26,3/5/26,3/15/26,3,Cylinder 300cc,1111-012517,Gas,,,,FALSE
,6,GC-C6GAS,26030587,005A,EOG22,3/5/26,3/5/26,3/15/26,3,Cylinder 300cc,1111-010791,Gas,,,,FALSE
,6,GC-C6GAS,26030587,006A,EOG22,3/5/26,3/5/26,3/15/26,3,Cylinder 300cc,3010-04396,Gas,,,,FALSE
,6,GC-C6GAS,26030587,007A,EOG22,3/5/26,3/5/26,3/15/26,3,Cylinder 300cc,1111-002799,Gas,,,,FALSE
,6,GC-C6GAS,26030587,008A,EOG22,3/5/26,3/5/26,3/15/26,3,Cylinder 300cc,1111-004880,Gas,,,,FALSE
,6,GC-C6GAS,26030587,009A,EOG22,3/5/26,3/5/26,3/15/26,3,Cylinder 300cc,1111-007102,Gas,,,,FALSE
,6,GC-C6GAS,26030587,010A,EOG22,3/5/26,3/5/26,3/15/26,3,Cylinder 300cc,3040-05320,Gas,,,,FALSE
,6,GC-C6GAS,26030587,011A,EOG22,3/5/26,3/5/26,3/15/26,3,Cylinder 300cc,1111-010680,Gas,,,,FALSE
,6,GC-C6GAS,26030587,012A,EOG22,3/5/26,3/5/26,3/15/26,3,Cylinder 300cc,1111-010828,Gas,,,,FALSE
,8,GC-C6GAS,26030494,008A,EOG22,3/3/26,3/5/26,3/17/26,3,Cylinder 300cc,1111-013024,Gas,,,,TRUE
,8,GC-C6GAS,26030494,009A,EOG22,3/3/26,3/5/26,3/17/26,3,Cylinder 300cc,1111-010782,Gas,,,,TRUE
,8,GC-C6GAS,26030494,010A,EOG22,3/3/26,3/5/26,3/17/26,3,Cylinder 300cc,1111-010836,Gas,,,,FALSE
,8,GC-C6GAS,26030494,011A,EOG22,3/3/26,3/5/26,3/17/26,3,Cylinder 300cc,1111-010808,Gas,,,,FALSE
,8,GC-C6GAS,26030494,012A,EOG22,3/3/26,3/5/26,3/17/26,3,Cylinder 300cc,1111-010818,Gas,,,,FALSE
,8,GC-C6GAS,26030494,013A,EOG22,3/3/26,3/5/26,3/17/26,3,Cylinder 300cc,1111-010810,Gas,,,,FALSE
,11,GC-C6GAS,26030674,001A,OHIO-GAT-COM,3/6/26,3/6/26,3/20/26,3,Cylinder 300cc,1004,Gas,,,,FALSE
,11,GC-C6GAS,26030674,002A,OHIO-GAT-COM,3/6/26,3/6/26,3/20/26,3,Cylinder 300cc,1374,Gas,,,,FALSE
,11,GC-C6GAS,26030674,003A,OHIO-GAT-COM,3/6/26,3/6/26,3/20/26,3,Cylinder 300cc,1212,Gas,,,,FALSE
,11,GC-C6GAS,26030674,004A,OHIO-GAT-COM,3/6/26,3/6/26,3/20/26,3,Cylinder 300cc,1199,Gas,,,,FALSE
,11,GC-C6GAS,26030674,005A,OHIO-GAT-COM,3/6/26,3/6/26,3/20/26,3,Cylinder 300cc,1182,Gas,,,,FALSE
,11,GC-C6GAS,26030674,006A,OHIO-GAT-COM,3/6/26,3/6/26,3/20/26,3,Cylinder 300cc,1061,Gas,,,,FALSE
,11,GC-C6GAS,26030674,007A,OHIO-GAT-COM,3/6/26,3/6/26,3/20/26,3,Cylinder 300cc,1099,Gas,,,,FALSE
